{"v":"4.8.0","meta":{"g":"LottieFiles AE 3.2.2","a":"","k":"","d":"","tc":""},"fr":29.9700012207031,"ip":0,"op":90.0000036657751,"w":1500,"h":1500,"nm":"person26","ddd":0,"assets":[],"layers":[{"ddd":0,"ind":1,"ty":4,"nm":"L3","parent":3,"sr":1,"ks":{"o":{"a":0,"k":100,"ix":11},"r":{"a":1,"k":[{"i":{"x":[0.667],"y":[1]},"o":{"x":[0.333],"y":[0]},"t":0,"s":[57]},{"i":{"x":[0.667],"y":[1]},"o":{"x":[0.333],"y":[0]},"t":15,"s":[49]},{"i":{"x":[0.667],"y":[1]},"o":{"x":[0.333],"y":[0]},"t":75,"s":[49]},{"t":90.0000036657751,"s":[57]}],"ix":10},"p":{"a":0,"k":[607.369,422.763,0],"ix":2},"a":{"a":0,"k":[594,483,0],"ix":1},"s":{"a":0,"k":[100,100,100],"ix":6}},"ao":0,"shapes":[{"ty":"gr","it":[{"ind":0,"ty":"sh","ix":1,"ks":{"a":0,"k":{"i":[[3.8,0],[-2.3,-5.4],[-3.9,-0.5],[-0.9,0.7],[1.9,3.3]],"o":[[-3.5,0],[2.3,5.4],[1.4,0],[3.3,-2.1],[-2,-5.5]],"v":[[-4.8,-9.15],[-9.5,1.85],[5,9.15],[8.5,7.95],[9.7,-0.55]],"c":true},"ix":2},"nm":"Path 1","mn":"ADBE Vector Shape - Group","hd":false},{"ty":"fl","c":{"a":0,"k":[0.992156922583,0.815686334348,0.705882352941,1],"ix":4},"o":{"a":0,"k":100,"ix":5},"r":1,"bm":0,"nm":"Fill 1","mn":"ADBE Vector Graphic - Fill","hd":false},{"ty":"tr","p":{"a":0,"k":[543.8,451.45],"ix":2},"a":{"a":0,"k":[0,0],"ix":1},"s":{"a":0,"k":[100,100],"ix":3},"r":{"a":0,"k":0,"ix":6},"o":{"a":0,"k":100,"ix":7},"sk":{"a":0,"k":0,"ix":4},"sa":{"a":0,"k":0,"ix":5},"nm":"Transform"}],"nm":"Group 1","np":4,"cix":2,"bm":0,"ix":1,"mn":"ADBE Vector Group","hd":false},{"ty":"gr","it":[{"ind":0,"ty":"sh","ix":1,"ks":{"a":0,"k":{"i":[[3.4,0],[-2.3,-5.4],[-3.9,-0.8],[-1.2,1],[1.9,3]],"o":[[-3.7,0.2],[2.3,5.4],[1.4,0.2],[3.1,-2.1],[-2.6,-5.8]],"v":[[-5.05,-9.25],[-9.75,1.75],[4.75,9.05],[8.75,7.85],[10.15,0.15]],"c":true},"ix":2},"nm":"Path 1","mn":"ADBE Vector Shape - Group","hd":false},{"ty":"fl","c":{"a":0,"k":[0.992156922583,0.815686334348,0.705882352941,1],"ix":4},"o":{"a":0,"k":100,"ix":5},"r":1,"bm":0,"nm":"Fill 1","mn":"ADBE Vector Graphic - Fill","hd":false},{"ty":"tr","p":{"a":0,"k":[545.75,467.45],"ix":2},"a":{"a":0,"k":[0,0],"ix":1},"s":{"a":0,"k":[100,100],"ix":3},"r":{"a":0,"k":0,"ix":6},"o":{"a":0,"k":100,"ix":7},"sk":{"a":0,"k":0,"ix":4},"sa":{"a":0,"k":0,"ix":5},"nm":"Transform"}],"nm":"Group 2","np":4,"cix":2,"bm":0,"ix":2,"mn":"ADBE Vector Group","hd":false},{"ty":"gr","it":[{"ind":0,"ty":"sh","ix":1,"ks":{"a":0,"k":{"i":[[4.5,-1.4],[-1.9,-4.7],[-4.5,-0.2],[3.8,6.8]],"o":[[-3.5,0.2],[2.6,3.5],[4.2,0.5],[-2.6,-4]],"v":[[-5.1,-7.4],[-8.8,2],[2,8.3],[6.9,-0.8]],"c":true},"ix":2},"nm":"Path 1","mn":"ADBE Vector Shape - Group","hd":false},{"ty":"fl","c":{"a":0,"k":[0.992156922583,0.815686334348,0.705882352941,1],"ix":4},"o":{"a":0,"k":100,"ix":5},"r":1,"bm":0,"nm":"Fill 1","mn":"ADBE Vector Graphic - Fill","hd":false},{"ty":"tr","p":{"a":0,"k":[547.6,481.8],"ix":2},"a":{"a":0,"k":[0,0],"ix":1},"s":{"a":0,"k":[100,100],"ix":3},"r":{"a":0,"k":0,"ix":6},"o":{"a":0,"k":100,"ix":7},"sk":{"a":0,"k":0,"ix":4},"sa":{"a":0,"k":0,"ix":5},"nm":"Transform"}],"nm":"Group 3","np":4,"cix":2,"bm":0,"ix":3,"mn":"ADBE Vector Group","hd":false},{"ty":"gr","it":[{"ind":0,"ty":"sh","ix":1,"ks":{"a":0,"k":{"i":[[0,0.8],[0.7,0],[0,0],[0.2,-0.5],[-0.5,0],[0,0]],"o":[[0,-0.5],[0,0],[-0.5,0],[0,0.5],[0,0],[0.7,-0.2]],"v":[[5.2,-0.2],[4,-1.2],[-4,-1],[-5.2,0],[-4.2,1.2],[3.8,1]],"c":true},"ix":2},"nm":"Path 1","mn":"ADBE Vector Shape - Group","hd":false},{"ty":"fl","c":{"a":0,"k":[0.066666666667,0.066666666667,0.070588235294,1],"ix":4},"o":{"a":0,"k":100,"ix":5},"r":1,"bm":0,"nm":"Fill 1","mn":"ADBE Vector Graphic - Fill","hd":false},{"ty":"tr","p":{"a":0,"k":[573.9,390.9],"ix":2},"a":{"a":0,"k":[0,0],"ix":1},"s":{"a":0,"k":[100,100],"ix":3},"r":{"a":0,"k":0,"ix":6},"o":{"a":0,"k":100,"ix":7},"sk":{"a":0,"k":0,"ix":4},"sa":{"a":0,"k":0,"ix":5},"nm":"Transform"}],"nm":"Group 4","np":4,"cix":2,"bm":0,"ix":4,"mn":"ADBE Vector Group","hd":false},{"ty":"gr","it":[{"ind":0,"ty":"sh","ix":1,"ks":{"a":0,"k":{"i":[[0,0],[0,0],[0,0],[0,0]],"o":[[0,0],[0,0],[0,0],[0,0]],"v":[[-26.5,50.4],[-29.5,-48.2],[26.4,-50.4],[29.5,48.3]],"c":true},"ix":2},"nm":"Path 1","mn":"ADBE Vector Shape - Group","hd":false},{"ty":"fl","c":{"a":0,"k":[1,1,1,1],"ix":4},"o":{"a":0,"k":100,"ix":5},"r":1,"bm":0,"nm":"Fill 1","mn":"ADBE Vector Graphic - Fill","hd":false},{"ty":"tr","p":{"a":0,"k":[575.6,446.3],"ix":2},"a":{"a":0,"k":[0,0],"ix":1},"s":{"a":0,"k":[100,100],"ix":3},"r":{"a":0,"k":0,"ix":6},"o":{"a":0,"k":100,"ix":7},"sk":{"a":0,"k":0,"ix":4},"sa":{"a":0,"k":0,"ix":5},"nm":"Transform"}],"nm":"Group 5","np":4,"cix":2,"bm":0,"ix":5,"mn":"ADBE Vector Group","hd":false},{"ty":"gr","it":[{"ind":0,"ty":"sh","ix":1,"ks":{"a":0,"k":{"i":[[0,0],[6.3,0.2],[0,0],[-0.5,-6.1],[0,0],[-6.3,-0.2],[0,0],[0.5,6.4]],"o":[[0.2,-6.3],[0,0],[-6.1,1],[0,0],[-0.2,6.3],[0,0],[6.3,-0.7],[0,0]],"v":[[29.6,-49.7],[18.6,-61.6],[-23.1,-60],[-32.9,-47.6],[-29.6,49.7],[-18.6,61.6],[22.6,60.2],[32.9,47.5]],"c":true},"ix":2},"nm":"Path 1","mn":"ADBE Vector Shape - Group","hd":false},{"ty":"fl","c":{"a":0,"k":[0.419607873056,0.423529441684,0.423529441684,1],"ix":4},"o":{"a":0,"k":100,"ix":5},"r":1,"bm":0,"nm":"Fill 1","mn":"ADBE Vector Graphic - Fill","hd":false},{"ty":"tr","p":{"a":0,"k":[575.5,445.8],"ix":2},"a":{"a":0,"k":[0,0],"ix":1},"s":{"a":0,"k":[100,100],"ix":3},"r":{"a":0,"k":0,"ix":6},"o":{"a":0,"k":100,"ix":7},"sk":{"a":0,"k":0,"ix":4},"sa":{"a":0,"k":0,"ix":5},"nm":"Transform"}],"nm":"Group 6","np":4,"cix":2,"bm":0,"ix":6,"mn":"ADBE Vector Group","hd":false},{"ty":"gr","it":[{"ind":0,"ty":"sh","ix":1,"ks":{"a":0,"k":{"i":[[-0.7,8],[-7.7,1.1],[-4.5,-23.9],[10.3,-12.7],[0,0]],"o":[[0.2,-12.7],[7.7,-1.4],[4,22.3],[-10.1,12.7],[5.8,-5]],"v":[[-4.85,-19.75],[2.65,-43.85],[11.15,-12.25],[-2.45,32.55],[-15.15,0.25]],"c":true},"ix":2},"nm":"Path 1","mn":"ADBE Vector Shape - Group","hd":false},{"ty":"fl","c":{"a":0,"k":[0.992156922583,0.815686334348,0.705882352941,1],"ix":4},"o":{"a":0,"k":100,"ix":5},"r":1,"bm":0,"nm":"Fill 1","mn":"ADBE Vector Graphic - Fill","hd":false},{"ty":"tr","p":{"a":0,"k":[609.25,462.05],"ix":2},"a":{"a":0,"k":[0,0],"ix":1},"s":{"a":0,"k":[100,100],"ix":3},"r":{"a":0,"k":0,"ix":6},"o":{"a":0,"k":100,"ix":7},"sk":{"a":0,"k":0,"ix":4},"sa":{"a":0,"k":0,"ix":5},"nm":"Transform"}],"nm":"Group 7","np":4,"cix":2,"bm":0,"ix":7,"mn":"ADBE Vector Group","hd":false},{"ty":"gr","it":[{"ind":0,"ty":"sh","ix":1,"ks":{"a":0,"k":{"i":[[3.8,2.3],[2.6,-5.9],[0.2,0],[-4.9,-2.6],[0.9,8]],"o":[[-3.5,-2.1],[0,0],[-1.6,3.1],[5.6,3.3],[0.5,-2.6]],"v":[[4.3,-7.25],[-9.1,-3.95],[-9.3,-3.75],[-3.4,6.55],[10,1.15]],"c":true},"ix":2},"nm":"Path 1","mn":"ADBE Vector Shape - Group","hd":false},{"ty":"fl","c":{"a":0,"k":[0.992156922583,0.815686334348,0.705882352941,1],"ix":4},"o":{"a":0,"k":100,"ix":5},"r":1,"bm":0,"nm":"Fill 1","mn":"ADBE Vector Graphic - Fill","hd":false},{"ty":"tr","p":{"a":0,"k":[543.1,412.35],"ix":2},"a":{"a":0,"k":[0,0],"ix":1},"s":{"a":0,"k":[100,100],"ix":3},"r":{"a":0,"k":0,"ix":6},"o":{"a":0,"k":100,"ix":7},"sk":{"a":0,"k":0,"ix":4},"sa":{"a":0,"k":0,"ix":5},"nm":"Transform"}],"nm":"Group 8","np":4,"cix":2,"bm":0,"ix":8,"mn":"ADBE Vector Group","hd":false}],"ip":0,"op":90.0000036657751,"st":0,"bm":0},{"ddd":0,"ind":2,"ty":4,"nm":"R2","parent":10,"sr":1,"ks":{"o":{"a":0,"k":100,"ix":11},"r":{"a":1,"k":[{"i":{"x":[0.667],"y":[1]},"o":{"x":[0.333],"y":[0]},"t":0,"s":[14]},{"i":{"x":[0.667],"y":[1]},"o":{"x":[0.333],"y":[0]},"t":15,"s":[41]},{"i":{"x":[0.667],"y":[1]},"o":{"x":[0.333],"y":[0]},"t":30,"s":[14]},{"i":{"x":[0.667],"y":[1]},"o":{"x":[0.333],"y":[0]},"t":45,"s":[41]},{"i":{"x":[0.667],"y":[1]},"o":{"x":[0.333],"y":[0]},"t":60,"s":[14]},{"i":{"x":[0.667],"y":[1]},"o":{"x":[0.333],"y":[0]},"t":75,"s":[41]},{"t":90.0000036657751,"s":[14]}],"ix":10},"p":{"a":0,"k":[927.5,609.5,0],"ix":2},"a":{"a":0,"k":[927.5,609.5,0],"ix":1},"s":{"a":0,"k":[100,100,100],"ix":6}},"ao":0,"shapes":[{"ty":"gr","it":[{"ind":0,"ty":"sh","ix":1,"ks":{"a":0,"k":{"i":[[17.901,0.1],[0,0],[0,0],[35.838,-10.494],[0,0],[0,0],[0,0],[0,0],[2.288,18.231]],"o":[[0,0],[0,0],[-0.889,0.121],[-44.243,12.954],[0,0],[0,0],[20.615,1.55],[17.322,-4.52],[-2.288,-18.231]],"v":[[63.51,-45.456],[63.464,-45.823],[58.723,-45.177],[0.604,-31.882],[-101.529,-11.546],[-99.377,43.947],[-95.037,44.273],[72.454,25.816],[99.241,-13.741]],"c":true},"ix":2},"nm":"Path 1","mn":"ADBE Vector Shape - Group","hd":false},{"ty":"fl","c":{"a":0,"k":[0.719511623009,0.708966064453,0.877695121017,1],"ix":4},"o":{"a":0,"k":100,"ix":5},"r":1,"bm":0,"nm":"Fill 1","mn":"ADBE Vector Graphic - Fill","hd":false},{"ty":"tr","p":{"a":0,"k":[864.634,617.717],"ix":2},"a":{"a":0,"k":[0,0],"ix":1},"s":{"a":0,"k":[100,100],"ix":3},"r":{"a":0,"k":0,"ix":6},"o":{"a":0,"k":100,"ix":7},"sk":{"a":0,"k":0,"ix":4},"sa":{"a":0,"k":0,"ix":5},"nm":"Transform"}],"nm":"Group 1","np":2,"cix":2,"bm":0,"ix":1,"mn":"ADBE Vector Group","hd":false}],"ip":0,"op":90.0000036657751,"st":0,"bm":0},{"ddd":0,"ind":3,"ty":4,"nm":"L2","parent":14,"sr":1,"ks":{"o":{"a":0,"k":100,"ix":11},"r":{"a":1,"k":[{"i":{"x":[0.667],"y":[1]},"o":{"x":[0.333],"y":[0]},"t":0,"s":[-19]},{"i":{"x":[0.667],"y":[1]},"o":{"x":[0.333],"y":[0]},"t":15,"s":[-40]},{"i":{"x":[0.667],"y":[1]},"o":{"x":[0.333],"y":[0]},"t":30,"s":[-37]},{"i":{"x":[0.667],"y":[1]},"o":{"x":[0.333],"y":[0]},"t":45,"s":[-40]},{"i":{"x":[0.667],"y":[1]},"o":{"x":[0.333],"y":[0]},"t":60,"s":[-37]},{"i":{"x":[0.667],"y":[1]},"o":{"x":[0.333],"y":[0]},"t":75,"s":[-40]},{"t":90.0000036657751,"s":[-19]}],"ix":10},"p":{"a":0,"k":[568.5,584.5,0],"ix":2},"a":{"a":0,"k":[563.5,578.5,0],"ix":1},"s":{"a":0,"k":[100,100,100],"ix":6}},"ao":0,"shapes":[{"ty":"gr","it":[{"ind":0,"ty":"sh","ix":1,"ks":{"a":0,"k":{"i":[[-7.905,16.061],[0,0],[0,0],[-6.206,36.824],[0,0],[0,0],[0,0],[0,0],[-17.4,-5.901]],"o":[[0,0],[0,0],[0.279,-0.853],[7.662,-45.459],[0,0],[0,0],[-10.395,17.869],[-3.497,17.557],[17.401,5.901]],"v":[[17.424,80.688],[17.774,80.807],[19.263,76.26],[32.676,18.167],[54.097,-84.887],[8.106,-104.888],[5.917,-101.125],[-50.601,57.619],[-26.709,98.987]],"c":true},"ix":2},"nm":"Path 1","mn":"ADBE Vector Shape - Group","hd":false},{"ty":"fl","c":{"a":0,"k":[0.719511623009,0.708966064453,0.877695121017,1],"ix":4},"o":{"a":0,"k":100,"ix":5},"r":1,"bm":0,"nm":"Fill 1","mn":"ADBE Vector Graphic - Fill","hd":false},{"ty":"tr","p":{"a":0,"k":[579.52,511.381],"ix":2},"a":{"a":0,"k":[0,0],"ix":1},"s":{"a":0,"k":[100,100],"ix":3},"r":{"a":0,"k":0,"ix":6},"o":{"a":0,"k":100,"ix":7},"sk":{"a":0,"k":0,"ix":4},"sa":{"a":0,"k":0,"ix":5},"nm":"Transform"}],"nm":"Group 1","np":2,"cix":2,"bm":0,"ix":1,"mn":"ADBE Vector Group","hd":false}],"ip":0,"op":90.0000036657751,"st":0,"bm":0},{"ddd":0,"ind":4,"ty":4,"nm":"R3","parent":2,"sr":1,"ks":{"o":{"a":0,"k":100,"ix":11},"r":{"a":0,"k":-29,"ix":10},"p":{"a":0,"k":[769.472,634.988,0],"ix":2},"a":{"a":0,"k":[818.665,590.331,0],"ix":1},"s":{"a":0,"k":[100,100,100],"ix":6}},"ao":0,"shapes":[{"ty":"gr","it":[{"ind":0,"ty":"sh","ix":1,"ks":{"a":0,"k":{"i":[[1.2,4.9],[11.3,7.7],[10.5,4.5],[0.3,-6.6],[1.9,-1.2],[0,0],[-0.9,-4.7],[2.1,-1.2],[-1.4,-4.2],[1.6,-1.4],[-14.1,-9.6],[-8.6,-2.1],[-6.8,0.5],[-1.3,0.5],[-1.1,0.5],[-2.4,1.8],[-1.9,1.9],[-1.6,4.7]],"o":[[-2.1,-7.5],[-9.4,-6.5],[-6.5,-3.5],[-0.2,2.1],[-0.2,0.2],[-4.7,2.6],[0.5,2.1],[-4.2,2.6],[0.7,2.1],[-2.8,2.6],[7.7,4.9],[6.3,1.9],[1.6,-0.2],[1.3,-0.5],[3.1,-1],[2.1,-1.4],[3.3,-3.3],[2.1,-4.5]],"v":[[43,1.05],[17.9,-22.15],[-12.3,-38.35],[-25,-31.05],[-28.1,-26.35],[-28.6,-26.15],[-34.5,-13.75],[-37.1,-8.15],[-38.5,4.25],[-39.9,9.85],[-31,28.15],[-6.2,38.75],[13.5,41.35],[17.9,40.15],[21.6,39.15],[29.6,34.75],[35.5,30.05],[43,17.65]],"c":true},"ix":2},"nm":"Path 1","mn":"ADBE Vector Shape - Group","hd":false},{"ty":"fl","c":{"a":0,"k":[0.992156922583,0.815686334348,0.705882352941,1],"ix":4},"o":{"a":0,"k":100,"ix":5},"r":1,"bm":0,"nm":"Fill 1","mn":"ADBE Vector Graphic - Fill","hd":false},{"ty":"tr","p":{"a":0,"k":[783.8,567.15],"ix":2},"a":{"a":0,"k":[0,0],"ix":1},"s":{"a":0,"k":[100,100],"ix":3},"r":{"a":0,"k":0,"ix":6},"o":{"a":0,"k":100,"ix":7},"sk":{"a":0,"k":0,"ix":4},"sa":{"a":0,"k":0,"ix":5},"nm":"Transform"}],"nm":"Group 1","np":4,"cix":2,"bm":0,"ix":1,"mn":"ADBE Vector Group","hd":false},{"ty":"gr","it":[{"ind":0,"ty":"sh","ix":1,"ks":{"a":0,"k":{"i":[[2.1,-6.3],[1.6,1.2],[4.2,3.1],[0.7,0.7],[0,2.8],[-3,8.8],[-1.4,9.6],[-3.5,1.7],[-1.3,0.2],[-0.2,-2.1],[-0.4,-3.3],[-0.2,-2.3],[0.2,-2.3],[-0.7,-3],[-0.2,-2.5]],"o":[[-1.4,4.2],[-4.2,-2.6],[-1,-0.7],[-2.6,-2.1],[-0.5,-9.4],[3.1,-9.1],[0.5,-3.5],[1.4,-0.7],[2.6,0],[0.2,3.5],[0.5,2.6],[0.2,2.3],[-0.2,3.1],[0.5,2.6],[2,13.9]],"v":[[15.5,41.85],[1.5,37.85],[-11.2,29.35],[-14,27.25],[-17.1,18.55],[-10.8,-8.35],[-6.1,-36.45],[-0.5,-44.65],[3.9,-46.05],[6.7,-40.45],[8.1,-30.15],[10.2,-23.65],[10,-16.65],[11.2,-7.55],[12.4,0.15]],"c":true},"ix":2},"nm":"Path 1","mn":"ADBE Vector Shape - Group","hd":false},{"ty":"fl","c":{"a":0,"k":[0.992156922583,0.815686334348,0.705882352941,1],"ix":4},"o":{"a":0,"k":100,"ix":5},"r":1,"bm":0,"nm":"Fill 1","mn":"ADBE Vector Graphic - Fill","hd":false},{"ty":"tr","p":{"a":0,"k":[811.3,558.65],"ix":2},"a":{"a":0,"k":[0,0],"ix":1},"s":{"a":0,"k":[100,100],"ix":3},"r":{"a":0,"k":0,"ix":6},"o":{"a":0,"k":100,"ix":7},"sk":{"a":0,"k":0,"ix":4},"sa":{"a":0,"k":0,"ix":5},"nm":"Transform"}],"nm":"Group 2","np":4,"cix":2,"bm":0,"ix":2,"mn":"ADBE Vector Group","hd":false}],"ip":0,"op":90.0000036657751,"st":0,"bm":0},{"ddd":0,"ind":5,"ty":4,"nm":"mouth","parent":8,"sr":1,"ks":{"o":{"a":0,"k":100,"ix":11},"r":{"a":0,"k":-7,"ix":10},"p":{"a":0,"k":[738.078,304.199,0],"ix":2},"a":{"a":0,"k":[810,318,0],"ix":1},"s":{"a":1,"k":[{"i":{"x":[0.833,0.833,0.833],"y":[0.833,0.833,0.833]},"o":{"x":[0.167,0.167,0.167],"y":[0.167,0.167,0.167]},"t":0,"s":[93,93,100]},{"i":{"x":[0.833,0.833,0.833],"y":[0.833,0.833,0.833]},"o":{"x":[0.167,0.167,0.167],"y":[0.167,0.167,0.167]},"t":15,"s":[39.06,39.06,100]},{"i":{"x":[0.833,0.833,0.833],"y":[0.833,0.833,0.833]},"o":{"x":[0.167,0.167,0.167],"y":[0.167,0.167,0.167]},"t":32,"s":[93,93,100]},{"i":{"x":[0.833,0.833,0.833],"y":[0.833,0.833,0.833]},"o":{"x":[0.167,0.167,0.167],"y":[0.167,0.167,0.167]},"t":50,"s":[93,93,100]},{"i":{"x":[0.833,0.833,0.833],"y":[0.833,0.833,0.833]},"o":{"x":[0.167,0.167,0.167],"y":[0.167,0.167,0.167]},"t":65,"s":[39.06,39.06,100]},{"t":82.0000033399285,"s":[93,93,100]}],"ix":6,"x":"var $bm_rt;\n$bm_rt = loopOut('cycle', 0);"}},"ao":0,"shapes":[{"ty":"gr","it":[{"ind":0,"ty":"sh","ix":1,"ks":{"a":0,"k":{"i":[[0,0],[2.1,-3],[4.9,1.4],[0.9,1.7],[0,0]],"o":[[0,0],[-1.9,3.1],[-2.1,-1],[-2.8,-4.4],[10,1.9]],"v":[[10.05,-4.45],[7.25,2.55],[-2.85,6.35],[-7.25,2.55],[-8.45,-7.75]],"c":true},"ix":2},"nm":"Path 1","mn":"ADBE Vector Shape - Group","hd":false},{"ty":"fl","c":{"a":0,"k":[0.956862804936,0.525490196078,0.490196108351,1],"ix":4},"o":{"a":0,"k":100,"ix":5},"r":1,"bm":0,"nm":"Fill 1","mn":"ADBE Vector Graphic - Fill","hd":false},{"ty":"tr","p":{"a":0,"k":[813.75,318.85],"ix":2},"a":{"a":0,"k":[0,0],"ix":1},"s":{"a":0,"k":[100,100],"ix":3},"r":{"a":0,"k":0,"ix":6},"o":{"a":0,"k":100,"ix":7},"sk":{"a":0,"k":0,"ix":4},"sa":{"a":0,"k":0,"ix":5},"nm":"Transform"}],"nm":"Group 1","np":4,"cix":2,"bm":0,"ix":1,"mn":"ADBE Vector Group","hd":false}],"ip":0,"op":90.0000036657751,"st":0,"bm":0},{"ddd":0,"ind":6,"ty":4,"nm":"eye2","parent":8,"sr":1,"ks":{"o":{"a":0,"k":100,"ix":11},"r":{"a":0,"k":4.857,"ix":10},"p":{"a":0,"k":[718.608,255.735,0],"ix":2},"a":{"a":0,"k":[-13.142,-555.942,0],"ix":1},"s":{"a":1,"k":[{"i":{"x":[0.833,0.833,0.833],"y":[0.833,0.833,0.833]},"o":{"x":[0.167,0.167,0.167],"y":[0.167,0.167,0.167]},"t":0,"s":[93,93,100]},{"i":{"x":[0.833,0.833,0.833],"y":[0.833,0.833,0.833]},"o":{"x":[0.167,0.167,0.167],"y":[0.167,0.167,0.167]},"t":3,"s":[93,-5.58,100]},{"i":{"x":[0.833,0.833,0.833],"y":[0.833,0.833,0.833]},"o":{"x":[0.167,0.167,0.167],"y":[0.167,0.167,0.167]},"t":6,"s":[93,93,100]},{"i":{"x":[0.833,0.833,0.833],"y":[0.833,0.833,0.833]},"o":{"x":[0.167,0.167,0.167],"y":[0.167,0.167,0.167]},"t":57,"s":[93,93,100]},{"i":{"x":[0.833,0.833,0.833],"y":[0.833,0.833,0.833]},"o":{"x":[0.167,0.167,0.167],"y":[0.167,0.167,0.167]},"t":60,"s":[93,-5.58,100]},{"i":{"x":[0.833,0.833,0.833],"y":[0.833,0.833,0.833]},"o":{"x":[0.167,0.167,0.167],"y":[0.167,0.167,0.167]},"t":63,"s":[93,93,100]},{"i":{"x":[0.833,0.833,0.833],"y":[0.833,0.833,0.833]},"o":{"x":[0.167,0.167,0.167],"y":[0.167,0.167,0.167]},"t":114,"s":[93,93,100]},{"i":{"x":[0.833,0.833,0.833],"y":[0.833,0.833,0.833]},"o":{"x":[0.167,0.167,0.167],"y":[0.167,0.167,0.167]},"t":117,"s":[93,-5.58,100]},{"t":120.0000048877,"s":[93,93,100]}],"ix":6}},"ao":0,"shapes":[{"ty":"gr","it":[{"d":1,"ty":"el","s":{"a":0,"k":[8.216,11.308],"ix":2},"p":{"a":0,"k":[0,0],"ix":3},"nm":"Ellipse Path 1","mn":"ADBE Vector Shape - Ellipse","hd":false},{"ty":"st","c":{"a":0,"k":[0,0,0,1],"ix":3},"o":{"a":0,"k":100,"ix":4},"w":{"a":0,"k":2,"ix":5},"lc":1,"lj":1,"ml":4,"bm":0,"nm":"Stroke 1","mn":"ADBE Vector Graphic - Stroke","hd":false},{"ty":"fl","c":{"a":0,"k":[0,0,0,1],"ix":4},"o":{"a":0,"k":100,"ix":5},"r":1,"bm":0,"nm":"Fill 1","mn":"ADBE Vector Graphic - Fill","hd":false},{"ty":"tr","p":{"a":0,"k":[-13.142,-561.596],"ix":2},"a":{"a":0,"k":[0,0],"ix":1},"s":{"a":0,"k":[100,100],"ix":3},"r":{"a":0,"k":0,"ix":6},"o":{"a":0,"k":100,"ix":7},"sk":{"a":0,"k":0,"ix":4},"sa":{"a":0,"k":0,"ix":5},"nm":"Transform"}],"nm":"Ellipse 1","np":3,"cix":2,"bm":0,"ix":1,"mn":"ADBE Vector Group","hd":false}],"ip":0,"op":90.0000036657751,"st":0,"bm":0},{"ddd":0,"ind":7,"ty":4,"nm":"eye3","parent":8,"sr":1,"ks":{"o":{"a":0,"k":100,"ix":11},"r":{"a":0,"k":9.857,"ix":10},"p":{"a":0,"k":[768.11,264.763,0],"ix":2},"a":{"a":0,"k":[-13.142,-555.942,0],"ix":1},"s":{"a":1,"k":[{"i":{"x":[0.833,0.833,0.833],"y":[0.833,0.833,0.833]},"o":{"x":[0.167,0.167,0.167],"y":[0.167,0.167,0.167]},"t":0,"s":[93,93,100]},{"i":{"x":[0.833,0.833,0.833],"y":[0.833,0.833,0.833]},"o":{"x":[0.167,0.167,0.167],"y":[0.167,0.167,0.167]},"t":3,"s":[93,-5.58,100]},{"i":{"x":[0.833,0.833,0.833],"y":[0.833,0.833,0.833]},"o":{"x":[0.167,0.167,0.167],"y":[0.167,0.167,0.167]},"t":6,"s":[93,93,100]},{"i":{"x":[0.833,0.833,0.833],"y":[0.833,0.833,0.833]},"o":{"x":[0.167,0.167,0.167],"y":[0.167,0.167,0.167]},"t":57,"s":[93,93,100]},{"i":{"x":[0.833,0.833,0.833],"y":[0.833,0.833,0.833]},"o":{"x":[0.167,0.167,0.167],"y":[0.167,0.167,0.167]},"t":60,"s":[93,-5.58,100]},{"i":{"x":[0.833,0.833,0.833],"y":[0.833,0.833,0.833]},"o":{"x":[0.167,0.167,0.167],"y":[0.167,0.167,0.167]},"t":63,"s":[93,93,100]},{"i":{"x":[0.833,0.833,0.833],"y":[0.833,0.833,0.833]},"o":{"x":[0.167,0.167,0.167],"y":[0.167,0.167,0.167]},"t":114,"s":[93,93,100]},{"i":{"x":[0.833,0.833,0.833],"y":[0.833,0.833,0.833]},"o":{"x":[0.167,0.167,0.167],"y":[0.167,0.167,0.167]},"t":117,"s":[93,-5.58,100]},{"t":120.0000048877,"s":[93,93,100]}],"ix":6}},"ao":0,"shapes":[{"ty":"gr","it":[{"d":1,"ty":"el","s":{"a":0,"k":[8.216,11.308],"ix":2},"p":{"a":0,"k":[0,0],"ix":3},"nm":"Ellipse Path 1","mn":"ADBE Vector Shape - Ellipse","hd":false},{"ty":"st","c":{"a":0,"k":[0,0,0,1],"ix":3},"o":{"a":0,"k":100,"ix":4},"w":{"a":0,"k":2,"ix":5},"lc":1,"lj":1,"ml":4,"bm":0,"nm":"Stroke 1","mn":"ADBE Vector Graphic - Stroke","hd":false},{"ty":"fl","c":{"a":0,"k":[0,0,0,1],"ix":4},"o":{"a":0,"k":100,"ix":5},"r":1,"bm":0,"nm":"Fill 1","mn":"ADBE Vector Graphic - Fill","hd":false},{"ty":"tr","p":{"a":0,"k":[-13.142,-561.596],"ix":2},"a":{"a":0,"k":[0,0],"ix":1},"s":{"a":0,"k":[100,100],"ix":3},"r":{"a":0,"k":0,"ix":6},"o":{"a":0,"k":100,"ix":7},"sk":{"a":0,"k":0,"ix":4},"sa":{"a":0,"k":0,"ix":5},"nm":"Transform"}],"nm":"Ellipse 1","np":3,"cix":2,"bm":0,"ix":1,"mn":"ADBE Vector Group","hd":false}],"ip":0,"op":90.0000036657751,"st":0,"bm":0},{"ddd":0,"ind":8,"ty":4,"nm":"face","parent":11,"sr":1,"ks":{"o":{"a":0,"k":100,"ix":11},"r":{"a":1,"k":[{"i":{"x":[0.833],"y":[0.833]},"o":{"x":[0.167],"y":[0.167]},"t":0,"s":[0]},{"i":{"x":[0.833],"y":[0.833]},"o":{"x":[0.167],"y":[0.167]},"t":17.25,"s":[5]},{"i":{"x":[0.833],"y":[0.833]},"o":{"x":[0.167],"y":[0.167]},"t":51.75,"s":[5]},{"t":69.0000028104276,"s":[0]}],"ix":10},"p":{"a":0,"k":[792.576,324.848,0],"ix":2},"a":{"a":0,"k":[802.5,322.5,0],"ix":1},"s":{"a":0,"k":[94,94,100],"ix":6}},"ao":0,"shapes":[{"ty":"gr","it":[{"ind":0,"ty":"sh","ix":1,"ks":{"a":0,"k":{"i":[[0.509,0],[0.509,0.254],[-2.544,3.562],[-3.052,3.562],[0,0],[-0.509,-0.509],[0.509,-0.509],[0,0],[2.29,-2.29],[-2.289,-2.035],[0.508,-0.509]],"o":[[-0.254,0],[-1.272,-1.018],[2.289,-2.544],[0,0],[0.509,-0.508],[0.508,0.509],[0,0],[-3.053,3.816],[-0.254,0.509],[0.509,0.508],[-0.255,0.509]],"v":[[-1.337,11.714],[-2.355,11.46],[-6.679,2.301],[2.733,-8.638],[4.768,-11.182],[6.804,-11.436],[7.058,-9.401],[5.023,-6.857],[-4.39,3.828],[-0.574,8.916],[-0.319,10.951]],"c":true},"ix":2},"nm":"Path 1","mn":"ADBE Vector Shape - Group","hd":false},{"ty":"fl","c":{"a":0,"k":[0.011764706817,0.011764706817,0.011764706817,1],"ix":4},"o":{"a":0,"k":100,"ix":5},"r":1,"bm":0,"nm":"Fill 1","mn":"ADBE Vector Graphic - Fill","hd":false},{"ty":"tr","p":{"a":0,"k":[736.541,268.9],"ix":2},"a":{"a":0,"k":[0,0],"ix":1},"s":{"a":0,"k":[100,100],"ix":3},"r":{"a":0,"k":0,"ix":6},"o":{"a":0,"k":100,"ix":7},"sk":{"a":0,"k":0,"ix":4},"sa":{"a":0,"k":0,"ix":5},"nm":"Transform"}],"nm":"Group 1","np":4,"cix":2,"bm":0,"ix":1,"mn":"ADBE Vector Group","hd":false},{"ty":"gr","it":[{"ind":0,"ty":"sh","ix":1,"ks":{"a":0,"k":{"i":[[0.509,0],[0.255,0.254],[6.36,-4.071],[0.509,0.763],[-0.764,0.508],[-6.615,-5.597],[0.509,-0.509]],"o":[[-0.254,0],[-5.596,-4.834],[-0.763,0.508],[-0.509,-0.763],[7.377,-4.834],[0.508,0.508],[-0.509,0.509]],"v":[[11.321,4.452],[10.303,4.198],[-10.557,2.926],[-12.592,2.417],[-12.083,0.382],[12.339,1.654],[12.593,3.689]],"c":true},"ix":2},"nm":"Path 1","mn":"ADBE Vector Shape - Group","hd":false},{"ty":"fl","c":{"a":0,"k":[0.011764706817,0.011764706817,0.011764706817,1],"ix":4},"o":{"a":0,"k":100,"ix":5},"r":1,"bm":0,"nm":"Fill 1","mn":"ADBE Vector Graphic - Fill","hd":false},{"ty":"tr","p":{"a":0,"k":[772.473,242.328],"ix":2},"a":{"a":0,"k":[0,0],"ix":1},"s":{"a":0,"k":[100,100],"ix":3},"r":{"a":0,"k":0,"ix":6},"o":{"a":0,"k":100,"ix":7},"sk":{"a":0,"k":0,"ix":4},"sa":{"a":0,"k":0,"ix":5},"nm":"Transform"}],"nm":"Group 2","np":4,"cix":2,"bm":0,"ix":2,"mn":"ADBE Vector Group","hd":false},{"ty":"gr","it":[{"ind":0,"ty":"sh","ix":1,"ks":{"a":0,"k":{"i":[[0.254,0],[0.255,0.255],[5.851,-3.307],[0.509,0.763],[-0.764,0.509],[-5.088,-6.36],[0.763,-0.509]],"o":[[-0.509,0],[-4.324,-5.342],[-0.763,0.509],[-0.509,-0.763],[7.123,-4.325],[0.508,0.509],[0,0.255]],"v":[[10.176,5.342],[9.158,4.834],[-9.158,1.527],[-11.193,1.018],[-10.684,-1.018],[11.194,2.799],[10.939,4.834]],"c":true},"ix":2},"nm":"Path 1","mn":"ADBE Vector Shape - Group","hd":false},{"ty":"fl","c":{"a":0,"k":[0.011764706817,0.011764706817,0.011764706817,1],"ix":4},"o":{"a":0,"k":100,"ix":5},"r":1,"bm":0,"nm":"Fill 1","mn":"ADBE Vector Graphic - Fill","hd":false},{"ty":"tr","p":{"a":0,"k":[720.194,233.805],"ix":2},"a":{"a":0,"k":[0,0],"ix":1},"s":{"a":0,"k":[100,100],"ix":3},"r":{"a":0,"k":0,"ix":6},"o":{"a":0,"k":100,"ix":7},"sk":{"a":0,"k":0,"ix":4},"sa":{"a":0,"k":0,"ix":5},"nm":"Transform"}],"nm":"Group 3","np":4,"cix":2,"bm":0,"ix":3,"mn":"ADBE Vector Group","hd":false},{"ty":"gr","it":[{"ind":0,"ty":"sh","ix":1,"ks":{"a":0,"k":{"i":[[1.018,-6.869],[-5.851,6.36],[1.526,1.78],[1.018,-1.781],[-8.141,1.526],[1.526,-0.255]],"o":[[-0.763,6.105],[1.527,-1.781],[-1.272,-1.781],[-0.254,-6.36],[-1.526,-1.272],[-8.141,2.798]],"v":[[-10.176,3.307],[2.289,7.632],[3.307,1.781],[-3.053,1.526],[10.939,-12.72],[5.597,-12.974]],"c":true},"ix":2},"nm":"Path 1","mn":"ADBE Vector Shape - Group","hd":false},{"ty":"fl","c":{"a":0,"k":[0.929411824544,0.647058823529,0.501960784314,1],"ix":4},"o":{"a":0,"k":100,"ix":5},"r":1,"bm":0,"nm":"Fill 1","mn":"ADBE Vector Graphic - Fill","hd":false},{"ty":"tr","p":{"a":0,"k":[819.155,288.755],"ix":2},"a":{"a":0,"k":[0,0],"ix":1},"s":{"a":0,"k":[100,100],"ix":3},"r":{"a":0,"k":0,"ix":6},"o":{"a":0,"k":100,"ix":7},"sk":{"a":0,"k":0,"ix":4},"sa":{"a":0,"k":0,"ix":5},"nm":"Transform"}],"nm":"Group 4","np":4,"cix":2,"bm":0,"ix":4,"mn":"ADBE Vector Group","hd":false},{"ty":"gr","it":[{"ind":0,"ty":"sh","ix":1,"ks":{"a":0,"k":{"i":[[0,0],[-1.272,-0.509],[-7.124,3.816],[-2.798,6.614],[0.509,4.579],[4.579,3.053],[4.834,-2.799],[1.78,-2.544],[-1.781,-4.325]],"o":[[1.272,0.509],[7.377,3.562],[6.868,-4.071],[2.035,-4.579],[-0.254,-4.833],[-4.833,-3.053],[-3.053,1.78],[-3.053,4.071],[0,0]],"v":[[-22.768,20.224],[-19.207,22.259],[5.215,20.733],[19.206,3.944],[22.259,-9.794],[14.628,-22.259],[-2.672,-23.023],[-9.54,-16.154],[-13.611,-3.435]],"c":false},"ix":2},"nm":"Path 1","mn":"ADBE Vector Shape - Group","hd":false},{"ty":"fl","c":{"a":0,"k":[0.992156922583,0.815686334348,0.705882352941,1],"ix":4},"o":{"a":0,"k":100,"ix":5},"r":1,"bm":0,"nm":"Fill 1","mn":"ADBE Vector Graphic - Fill","hd":false},{"ty":"tr","p":{"a":0,"k":[819.536,290.154],"ix":2},"a":{"a":0,"k":[0,0],"ix":1},"s":{"a":0,"k":[100,100],"ix":3},"r":{"a":0,"k":0,"ix":6},"o":{"a":0,"k":100,"ix":7},"sk":{"a":0,"k":0,"ix":4},"sa":{"a":0,"k":0,"ix":5},"nm":"Transform"}],"nm":"Group 5","np":4,"cix":2,"bm":0,"ix":5,"mn":"ADBE Vector Group","hd":false},{"ty":"gr","it":[{"ind":0,"ty":"sh","ix":1,"ks":{"a":0,"k":{"i":[[-1.272,1.272],[0,0],[16.535,0],[-2.544,27.221],[-2.29,20.351],[-4.579,2.29],[-6.869,1.272],[-8.395,1.781],[-5.597,6.105],[-1.272,-3.816],[-1.526,-6.36],[-5.851,-11.702],[-4.324,-2.29],[0,-2.29]],"o":[[0,0],[-16.79,11.193],[-33.835,0],[1.781,-20.606],[0.508,-5.343],[6.105,-3.053],[8.141,-1.527],[7.887,-1.781],[-0.763,4.579],[1.781,6.106],[2.798,12.72],[2.035,4.325],[0.764,0.508],[-0.509,2.035]],"v":[[57.494,41.212],[42.484,57.239],[-8.904,76.573],[-54.95,13.228],[-48.844,-48.335],[-44.265,-57.748],[-19.589,-61.818],[5.088,-66.652],[26.711,-76.573],[29.765,-65.889],[33.071,-46.3],[46.045,-9.413],[55.203,1.781],[50.37,22.387]],"c":true},"ix":2},"nm":"Path 1","mn":"ADBE Vector Shape - Group","hd":false},{"ty":"fl","c":{"a":0,"k":[0.992156922583,0.815686334348,0.705882352941,1],"ix":4},"o":{"a":0,"k":100,"ix":5},"r":1,"bm":0,"nm":"Fill 1","mn":"ADBE Vector Graphic - Fill","hd":false},{"ty":"tr","p":{"a":0,"k":[756.827,272.728],"ix":2},"a":{"a":0,"k":[0,0],"ix":1},"s":{"a":0,"k":[100,100],"ix":3},"r":{"a":0,"k":0,"ix":6},"o":{"a":0,"k":100,"ix":7},"sk":{"a":0,"k":0,"ix":4},"sa":{"a":0,"k":0,"ix":5},"nm":"Transform"}],"nm":"Group 6","np":4,"cix":2,"bm":0,"ix":6,"mn":"ADBE Vector Group","hd":false}],"ip":0,"op":90.0000036657751,"st":0,"bm":0},{"ddd":0,"ind":9,"ty":4,"nm":"suite","parent":11,"sr":1,"ks":{"o":{"a":0,"k":100,"ix":11},"r":{"a":0,"k":0,"ix":10},"p":{"a":0,"k":[750.5,750.5,0],"ix":2},"a":{"a":0,"k":[750.5,750.5,0],"ix":1},"s":{"a":0,"k":[100,100,100],"ix":6}},"ao":0,"shapes":[{"ty":"gr","it":[{"ind":0,"ty":"sh","ix":1,"ks":{"a":0,"k":{"i":[[0,0],[0,0],[0,0],[0,0],[0,0]],"o":[[0,0],[0,0],[0,0],[0,0],[0,0]],"v":[[10.076,-88.635],[-9.254,-26.799],[8.616,-11.552],[-14.254,12.166],[14.253,88.635]],"c":false},"ix":2},"nm":"Path 1","mn":"ADBE Vector Shape - Group","hd":false},{"ty":"st","c":{"a":0,"k":[0.170815501494,0.155862247243,0.395114315257,1],"ix":3},"o":{"a":0,"k":100,"ix":4},"w":{"a":0,"k":3,"ix":5},"lc":1,"lj":1,"ml":10,"bm":0,"nm":"Stroke 1","mn":"ADBE Vector Graphic - Stroke","hd":false},{"ty":"tr","p":{"a":0,"k":[703.908,475.872],"ix":2},"a":{"a":0,"k":[0,0],"ix":1},"s":{"a":0,"k":[100,100],"ix":3},"r":{"a":0,"k":0,"ix":6},"o":{"a":0,"k":100,"ix":7},"sk":{"a":0,"k":0,"ix":4},"sa":{"a":0,"k":0,"ix":5},"nm":"Transform"}],"nm":"Group 1","np":2,"cix":2,"bm":0,"ix":1,"mn":"ADBE Vector Group","hd":false},{"ty":"gr","it":[{"ind":0,"ty":"sh","ix":1,"ks":{"a":0,"k":{"i":[[0,0],[0,0],[0,0],[0,0],[0,0]],"o":[[0,0],[0,0],[0,0],[0,0],[0,0]],"v":[[5.152,-91.422],[19.552,-32.975],[-10.943,-8.41],[10.234,24.625],[-19.551,91.422]],"c":false},"ix":2},"nm":"Path 1","mn":"ADBE Vector Shape - Group","hd":false},{"ty":"st","c":{"a":0,"k":[0.170815501494,0.155862247243,0.395114315257,1],"ix":3},"o":{"a":0,"k":100,"ix":4},"w":{"a":0,"k":3,"ix":5},"lc":1,"lj":1,"ml":10,"bm":0,"nm":"Stroke 1","mn":"ADBE Vector Graphic - Stroke","hd":false},{"ty":"tr","p":{"a":0,"k":[811.561,479.506],"ix":2},"a":{"a":0,"k":[0,0],"ix":1},"s":{"a":0,"k":[100,100],"ix":3},"r":{"a":0,"k":0,"ix":6},"o":{"a":0,"k":100,"ix":7},"sk":{"a":0,"k":0,"ix":4},"sa":{"a":0,"k":0,"ix":5},"nm":"Transform"}],"nm":"Group 2","np":2,"cix":2,"bm":0,"ix":2,"mn":"ADBE Vector Group","hd":false},{"ty":"gr","it":[{"ind":0,"ty":"sh","ix":1,"ks":{"a":0,"k":{"i":[[0,0],[0,0],[0,24.635],[0,0],[0,0],[0,0],[0,0],[2.761,-29.27],[0.401,-24.31],[0,-22.32],[-8.785,-18.018],[-5.309,-24.645]],"o":[[0,0],[-24.635,-0.154],[0,0],[0,0],[0,0],[0,0],[-0.77,1.35],[-0.799,13.61],[-0.5,28.21],[0,6.737],[11.048,22.66],[0,0]],"v":[[57.486,181.762],[-9.324,181.303],[-51.064,137.679],[-57.486,20.486],[-30.448,-181.761],[35.791,-161.221],[45.592,-157.001],[36.431,-121.571],[29.231,-65.311],[2.167,23.306],[20.076,68.397],[48.662,138.63]],"c":true},"ix":2},"nm":"Path 1","mn":"ADBE Vector Shape - Group","hd":false},{"ty":"fl","c":{"a":0,"k":[0.666666666667,0.654901960784,0.843137254902,1],"ix":4},"o":{"a":0,"k":100,"ix":5},"r":1,"bm":0,"nm":"Fill 1","mn":"ADBE Vector Graphic - Fill","hd":false},{"ty":"tr","p":{"a":0,"k":[841.469,564.891],"ix":2},"a":{"a":0,"k":[0,0],"ix":1},"s":{"a":0,"k":[100,100],"ix":3},"r":{"a":0,"k":0,"ix":6},"o":{"a":0,"k":100,"ix":7},"sk":{"a":0,"k":0,"ix":4},"sa":{"a":0,"k":0,"ix":5},"nm":"Transform"}],"nm":"Group 3","np":4,"cix":2,"bm":0,"ix":3,"mn":"ADBE Vector Group","hd":false},{"ty":"gr","it":[{"ind":0,"ty":"sh","ix":1,"ks":{"a":0,"k":{"i":[[25.87,1.938],[0,0],[-3.424,30.79],[-1.354,19.189],[8.6,18.394],[2.39,15.78],[0,2.44],[-0.02,1.84],[-0.221,0.955],[-0.35,0.17],[-15.39,4.05],[0,0],[0,0]],"o":[[0,0],[8.439,-40.317],[2.123,-19.087],[1.403,-19.874],[-6.98,-14.92],[-0.14,-2.53],[0,-1.84],[0.12,-0.96],[9.22,-39.92],[4.21,-1.96],[0,0],[0,0],[-1.439,25.902]],"v":[[-19.21,181.108],[-26.563,180.557],[-15.215,95.706],[-11.021,37.967],[-18.491,-21.346],[-38.311,-66.816],[-38.781,-75.026],[-38.501,-80.546],[-37.271,-85.676],[-9.341,-167.756],[32.898,-183.046],[37.531,11.254],[30.52,137.468]],"c":true},"ix":2},"nm":"Path 1","mn":"ADBE Vector Shape - Group","hd":false},{"ty":"fl","c":{"a":0,"k":[0.666666666667,0.654901960784,0.843137254902,1],"ix":4},"o":{"a":0,"k":100,"ix":5},"r":1,"bm":0,"nm":"Fill 1","mn":"ADBE Vector Graphic - Fill","hd":false},{"ty":"tr","p":{"a":0,"k":[687.051,566.096],"ix":2},"a":{"a":0,"k":[0,0],"ix":1},"s":{"a":0,"k":[100,100],"ix":3},"r":{"a":0,"k":0,"ix":6},"o":{"a":0,"k":100,"ix":7},"sk":{"a":0,"k":0,"ix":4},"sa":{"a":0,"k":0,"ix":5},"nm":"Transform"}],"nm":"Group 4","np":4,"cix":2,"bm":0,"ix":4,"mn":"ADBE Vector Group","hd":false}],"ip":0,"op":90.0000036657751,"st":0,"bm":0},{"ddd":0,"ind":10,"ty":4,"nm":"R1","parent":11,"sr":1,"ks":{"o":{"a":0,"k":100,"ix":11},"r":{"a":0,"k":0,"ix":10},"p":{"a":0,"k":[870.481,442.25,0],"ix":2},"a":{"a":0,"k":[851.5,441.5,0],"ix":1},"s":{"a":0,"k":[96.154,96.154,100],"ix":6}},"ao":0,"shapes":[{"ty":"gr","it":[{"ind":0,"ty":"sh","ix":1,"ks":{"a":0,"k":{"i":[[17.49,-5.615],[7.649,16.185],[0,0],[0,0],[0.415,1.259],[14.706,30.832],[0.592,1.148],[0.61,1.905],[-22.002,7.06],[-10.628,-12.577],[0,0],[0,0],[-0.159,-0.24],[0,0],[-6.612,-13.927],[-8.505,-22.511],[-0.844,-2.611],[0,0],[0,0],[0,0]],"o":[[-17.49,5.614],[0,0],[0,0],[-0.531,-1.189],[-2.437,-6.23],[-13.835,-28.958],[0,0],[-7.064,-21.992],[16.625,-5.338],[0,0],[0,0],[0.163,0.232],[0,0],[6.214,9.065],[0.041,0.083],[13.984,36.993],[0,0],[0,0],[0,0],[3.207,17.617]],"v":[[51.776,118.331],[7.946,99.323],[7.911,99.33],[7.706,98.81],[6.276,95.14],[-22.265,32.356],[-69.784,-59.431],[-72.484,-65.914],[-45.403,-118.607],[-0.585,-105.724],[-0.409,-105.834],[1.55,-102.983],[2.042,-102.268],[2.204,-102.036],[19.537,-68.919],[49.995,1.244],[75.198,72.745],[75.194,72.755],[76.654,77.262],[76.341,77.359]],"c":true},"ix":2},"nm":"Path 1","mn":"ADBE Vector Shape - Group","hd":false},{"ty":"fl","c":{"a":0,"k":[0.666666666667,0.654901960784,0.843137254902,1],"ix":4},"o":{"a":0,"k":100,"ix":5},"r":1,"bm":0,"nm":"Fill 1","mn":"ADBE Vector Graphic - Fill","hd":false},{"ty":"tr","p":{"a":0,"k":[888.701,524.303],"ix":2},"a":{"a":0,"k":[0,0],"ix":1},"s":{"a":0,"k":[100,100],"ix":3},"r":{"a":0,"k":0,"ix":6},"o":{"a":0,"k":100,"ix":7},"sk":{"a":0,"k":0,"ix":4},"sa":{"a":0,"k":0,"ix":5},"nm":"Transform"}],"nm":"Group 3","np":2,"cix":2,"bm":0,"ix":1,"mn":"ADBE Vector Group","hd":false}],"ip":0,"op":90.0000036657751,"st":0,"bm":0},{"ddd":0,"ind":11,"ty":4,"nm":"body","sr":1,"ks":{"o":{"a":0,"k":100,"ix":11},"r":{"a":1,"k":[{"i":{"x":[0.833],"y":[0.833]},"o":{"x":[0.167],"y":[0.167]},"t":0,"s":[0]},{"i":{"x":[0.833],"y":[0.833]},"o":{"x":[0.167],"y":[0.167]},"t":18,"s":[2]},{"i":{"x":[0.833],"y":[0.833]},"o":{"x":[0.167],"y":[0.167]},"t":60,"s":[2]},{"t":88.0000035843135,"s":[0]}],"ix":10},"p":{"a":0,"k":[807,795,0],"ix":2},"a":{"a":0,"k":[770,736,0],"ix":1},"s":{"a":0,"k":[104,104,100],"ix":6}},"ao":0,"shapes":[{"ty":"gr","it":[{"ind":0,"ty":"sh","ix":1,"ks":{"a":0,"k":{"i":[[0,0],[0,0],[0,0],[0,0],[0,0],[0,0],[0,0]],"o":[[0,0],[0,0],[0,0],[0,0],[0,0],[0,0],[0,0]],"v":[[-22.56,-42],[-62.781,-31.759],[-78.624,22.36],[-11.179,42.349],[62.205,29.629],[78.624,-26.636],[24.581,-42.349]],"c":true},"ix":2},"nm":"Path 1","mn":"ADBE Vector Shape - Group","hd":false},{"ty":"fl","c":{"a":0,"k":[0.992156922583,0.815686334348,0.705882352941,1],"ix":4},"o":{"a":0,"k":100,"ix":5},"r":1,"bm":0,"nm":"Fill 1","mn":"ADBE Vector Graphic - Fill","hd":false},{"ty":"tr","p":{"a":0,"k":[766.965,422.883],"ix":2},"a":{"a":0,"k":[0,0],"ix":1},"s":{"a":0,"k":[100,100],"ix":3},"r":{"a":0,"k":0,"ix":6},"o":{"a":0,"k":100,"ix":7},"sk":{"a":0,"k":0,"ix":4},"sa":{"a":0,"k":0,"ix":5},"nm":"Transform"}],"nm":"Group 1","np":4,"cix":2,"bm":0,"ix":1,"mn":"ADBE Vector Group","hd":false},{"ty":"gr","it":[{"ind":0,"ty":"sh","ix":1,"ks":{"a":0,"k":{"i":[[0,0],[3.1,-32.86],[0.4,-24.31],[2.652,-21.453],[29.031,-8.871],[23.518,-1.825],[0,0],[9.641,20.606],[2.39,15.78],[-0.59,4.37],[-0.2,0.96],[-0.356,0.157],[-0.53,-3.25],[-15.047,-0.627]],"o":[[0,0],[-0.8,13.61],[-0.36,21.885],[-2.739,22.166],[-23.761,7.26],[-21.063,1.635],[0,0],[-6.98,-14.92],[-0.65,-4.29],[0.12,-0.96],[8.58,-41.66],[12.798,-5.643],[1.07,6.46],[26.503,1.104]],"v":[[111.8,-98.56],[110.42,-60.708],[108.22,-4.449],[76.442,78.146],[65.531,107.604],[-7.731,119.484],[-80.333,108.924],[-93.92,40.721],[-112.74,-5.249],[-112.93,-18.228],[-112.45,-21.108],[-84.414,-104.459],[-18.844,-117.869],[39.684,-116.452]],"c":true},"ix":2},"nm":"Path 1","mn":"ADBE Vector Shape - Group","hd":false},{"ty":"fl","c":{"a":0,"k":[0.913027056526,0.913027056526,0.913027056526,1],"ix":4},"o":{"a":0,"k":100,"ix":5},"r":1,"bm":0,"nm":"Fill 1","mn":"ADBE Vector Graphic - Fill","hd":false},{"ty":"tr","p":{"a":0,"k":[762.48,504.029],"ix":2},"a":{"a":0,"k":[0,0],"ix":1},"s":{"a":0,"k":[100,100],"ix":3},"r":{"a":0,"k":0,"ix":6},"o":{"a":0,"k":100,"ix":7},"sk":{"a":0,"k":0,"ix":4},"sa":{"a":0,"k":0,"ix":5},"nm":"Transform"}],"nm":"Group 2","np":4,"cix":2,"bm":0,"ix":2,"mn":"ADBE Vector Group","hd":false},{"ty":"gr","it":[{"ind":0,"ty":"sh","ix":1,"ks":{"a":0,"k":{"i":[[0,0],[0,0]],"o":[[0,0],[-0.2,0]],"v":[[396.694,254.05],[396.694,254.05]],"c":true},"ix":2},"nm":"Path 1","mn":"ADBE Vector Shape - Group","hd":false},{"ty":"gr","it":[{"ind":0,"ty":"sh","ix":1,"ks":{"a":0,"k":{"i":[[0,0],[0,0],[0,0],[0,0]],"o":[[0,0],[0,0],[0,0],[0,0]],"v":[[-396.605,1246.95],[1104.395,1246.95],[1104.395,-254.05],[-396.605,-254.05]],"c":true},"ix":2},"nm":"Path 1","mn":"ADBE Vector Shape - Group","hd":false},{"ind":1,"ty":"sh","ix":2,"ks":{"a":0,"k":{"i":[[0,0],[0,0],[0,0],[0,0]],"o":[[0,0],[0,0],[0,0],[0,0]],"v":[[-396.605,-254.05],[1104.395,-254.05],[1104.395,1246.95],[-396.605,1246.95]],"c":true},"ix":2},"nm":"Path 2","mn":"ADBE Vector Shape - Group","hd":false},{"ind":2,"ty":"sh","ix":3,"ks":{"a":0,"k":{"i":[[0,0],[0,0]],"o":[[0,0],[0,0]],"v":[[396.605,254.05],[396.694,254.05]],"c":true},"ix":2},"nm":"Path 3","mn":"ADBE Vector Shape - Group","hd":false},{"ty":"tr","p":{"a":0,"k":[0,0],"ix":2},"a":{"a":0,"k":[0,0],"ix":1},"s":{"a":0,"k":[100,100],"ix":3},"r":{"a":0,"k":0,"ix":6},"o":{"a":0,"k":100,"ix":7},"sk":{"a":0,"k":0,"ix":4},"sa":{"a":0,"k":0,"ix":5},"nm":"Transform"}],"nm":"Group 1","np":3,"cix":2,"bm":0,"ix":2,"mn":"ADBE Vector Group","hd":false},{"ty":"mm","mm":4,"nm":"Merge Paths 1","mn":"ADBE Vector Filter - Merge","hd":false},{"ty":"fl","c":{"a":0,"k":[0.003921568627,0.003921568627,0.003921568627,1],"ix":4},"o":{"a":0,"k":100,"ix":5},"r":1,"bm":0,"nm":"Fill 1","mn":"ADBE Vector Graphic - Fill","hd":false},{"ty":"tr","p":{"a":0,"k":[396.605,254.05],"ix":2},"a":{"a":0,"k":[0,0],"ix":1},"s":{"a":0,"k":[100,100],"ix":3},"r":{"a":0,"k":0,"ix":6},"o":{"a":0,"k":100,"ix":7},"sk":{"a":0,"k":0,"ix":4},"sa":{"a":0,"k":0,"ix":5},"nm":"Transform"}],"nm":"Group 3","np":4,"cix":2,"bm":0,"ix":3,"mn":"ADBE Vector Group","hd":false},{"ty":"gr","it":[{"ind":0,"ty":"sh","ix":1,"ks":{"a":0,"k":{"i":[[0,0],[0,0],[12.4,0],[4.899,1.1],[0,0]],"o":[[0,0],[-9.6,5.4],[-5.2,0],[0,0],[0,0]],"v":[[27.946,-24.4],[20.441,16.225],[-12.354,24.4],[-27.947,22.579],[-21.054,-8.4]],"c":true},"ix":2},"nm":"Path 1","mn":"ADBE Vector Shape - Group","hd":false},{"ty":"fl","c":{"a":0,"k":[1,0.741176470588,0.6,1],"ix":4},"o":{"a":0,"k":100,"ix":5},"r":1,"bm":0,"nm":"Fill 1","mn":"ADBE Vector Graphic - Fill","hd":false},{"ty":"tr","p":{"a":0,"k":[776.854,334.8],"ix":2},"a":{"a":0,"k":[0,0],"ix":1},"s":{"a":0,"k":[100,100],"ix":3},"r":{"a":0,"k":0,"ix":6},"o":{"a":0,"k":100,"ix":7},"sk":{"a":0,"k":0,"ix":4},"sa":{"a":0,"k":0,"ix":5},"nm":"Transform"}],"nm":"Group 4","np":4,"cix":2,"bm":0,"ix":4,"mn":"ADBE Vector Group","hd":false},{"ty":"gr","it":[{"ind":0,"ty":"sh","ix":1,"ks":{"a":0,"k":{"i":[[0,0],[5.81,-3.461],[2.545,-1.211],[1.523,-1.219],[2.093,-4.749],[1.614,-6.059],[2.377,10.615],[1.133,5.469],[-2.268,11.127],[-1.077,5.284],[0,0],[0,0],[0,0],[0,0]],"o":[[-5.148,4.379],[-2.421,1.443],[-1.806,0.86],[-4.099,3.278],[-2.788,5.575],[-7.243,-8.117],[-1.22,-5.451],[-2.34,-11.306],[1.076,-5.284],[0,0],[0,0],[0,0],[0,0],[0,0]],"v":[[31.648,17.811],[15.238,29.698],[7.79,33.696],[1.514,36.285],[-7.253,53.529],[-13.26,70.589],[-25.823,40.867],[-29.307,24.477],[-28.083,-7.437],[-24.852,-23.289],[-18.352,-54.489],[30.347,-70.589],[23.547,-30.289],[17.648,4.411]],"c":true},"ix":2},"nm":"Path 1","mn":"ADBE Vector Shape - Group","hd":false},{"ty":"fl","c":{"a":0,"k":[0.992156922583,0.815686334348,0.705882352941,1],"ix":4},"o":{"a":0,"k":100,"ix":5},"r":1,"bm":0,"nm":"Fill 1","mn":"ADBE Vector Graphic - Fill","hd":false},{"ty":"tr","p":{"a":0,"k":[773.852,380.689],"ix":2},"a":{"a":0,"k":[0,0],"ix":1},"s":{"a":0,"k":[100,100],"ix":3},"r":{"a":0,"k":0,"ix":6},"o":{"a":0,"k":100,"ix":7},"sk":{"a":0,"k":0,"ix":4},"sa":{"a":0,"k":0,"ix":5},"nm":"Transform"}],"nm":"Group 5","np":4,"cix":2,"bm":0,"ix":5,"mn":"ADBE Vector Group","hd":false}],"ip":0,"op":90.0000036657751,"st":0,"bm":0},{"ddd":0,"ind":12,"ty":4,"nm":"leg","sr":1,"ks":{"o":{"a":0,"k":100,"ix":11},"r":{"a":0,"k":0,"ix":10},"p":{"a":0,"k":[785.5,829.5,0],"ix":2},"a":{"a":0,"k":[750.5,750.5,0],"ix":1},"s":{"a":0,"k":[100,100,100],"ix":6}},"ao":0,"shapes":[{"ty":"gr","it":[{"ind":0,"ty":"sh","ix":1,"ks":{"a":0,"k":{"i":[[-0.339,0],[0,0],[0,0],[0,0],[0,0],[0.242,41.335],[-3.065,20.474],[-57.973,0],[-18.308,-52.991],[1.373,-29.65]],"o":[[0,0],[0,0],[0,0],[0,0],[-5.95,-96.12],[-0.121,-20.701],[4.757,-31.773],[64.448,0.01],[9.619,27.844],[-0.555,11.997]],"v":[[90.975,173.825],[54.435,173.825],[48.005,95.505],[39.515,173.825],[-102.775,173.825],[-112.935,8.795],[-101.305,-72.285],[-26.132,-173.825],[93.454,-44.374],[111.683,37.476]],"c":true},"ix":2},"nm":"Path 1","mn":"ADBE Vector Shape - Group","hd":false},{"ty":"fl","c":{"a":0,"k":[0.312827196308,0.312827196308,0.312827196308,1],"ix":4},"o":{"a":0,"k":100,"ix":5},"r":1,"bm":0,"nm":"Fill 1","mn":"ADBE Vector Graphic - Fill","hd":false},{"ty":"tr","p":{"a":0,"k":[781.465,722.325],"ix":2},"a":{"a":0,"k":[0,0],"ix":1},"s":{"a":0,"k":[100,100],"ix":3},"r":{"a":0,"k":0,"ix":6},"o":{"a":0,"k":100,"ix":7},"sk":{"a":0,"k":0,"ix":4},"sa":{"a":0,"k":0,"ix":5},"nm":"Transform"}],"nm":"Group 1","np":4,"cix":2,"bm":0,"ix":1,"mn":"ADBE Vector Group","hd":false},{"ty":"gr","it":[{"ind":0,"ty":"sh","ix":1,"ks":{"a":0,"k":{"i":[[3.778,-0.708],[29.279,3.778],[-1.889,5.431],[-10.625,6.612],[-4.722,-1.181],[-4.25,-4.959],[-1.653,-2.125],[0.236,1.653],[0,0]],"o":[[-18.417,3.542],[-5.667,-0.708],[4.25,-11.333],[4.251,-2.597],[6.376,1.417],[1.653,2.125],[3.541,-4.25],[0,0],[0.944,3.778]],"v":[[51.71,11.57],[-48.876,20.306],[-56.196,8.264],[-33.765,-20.07],[-19.834,-22.903],[-4.486,-11.097],[0.473,-4.958],[54.78,-16.764],[57.141,3.542]],"c":true},"ix":2},"nm":"Path 1","mn":"ADBE Vector Shape - Group","hd":false},{"ty":"fl","c":{"a":0,"k":[0.254901960784,0.254901960784,0.250980392157,1],"ix":4},"o":{"a":0,"k":100,"ix":5},"r":1,"bm":0,"nm":"Fill 1","mn":"ADBE Vector Graphic - Fill","hd":false},{"ty":"tr","p":{"a":0,"k":[799.494,1353.086],"ix":2},"a":{"a":0,"k":[0,0],"ix":1},"s":{"a":0,"k":[100,100],"ix":3},"r":{"a":0,"k":0,"ix":6},"o":{"a":0,"k":100,"ix":7},"sk":{"a":0,"k":0,"ix":4},"sa":{"a":0,"k":0,"ix":5},"nm":"Transform"}],"nm":"Group 2","np":4,"cix":2,"bm":0,"ix":2,"mn":"ADBE Vector Group","hd":false},{"ty":"gr","it":[{"ind":0,"ty":"sh","ix":1,"ks":{"a":0,"k":{"i":[[0,0],[17.237,-118.531],[0,0],[0,0],[0,0],[0,0],[0,0]],"o":[[0,0],[0,0],[0,0],[0,0],[0,0],[0,0],[0,0]],"v":[[34.163,-31.468],[30.857,236.525],[28.732,266.748],[-16.602,264.623],[-35.019,-3.37],[-54.698,-242.581],[54.698,-266.748]],"c":true},"ix":2},"nm":"Path 1","mn":"ADBE Vector Shape - Group","hd":false},{"ty":"fl","c":{"a":0,"k":[0.992156922583,0.815686334348,0.705882352941,1],"ix":4},"o":{"a":0,"k":100,"ix":5},"r":1,"bm":0,"nm":"Fill 1","mn":"ADBE Vector Graphic - Fill","hd":false},{"ty":"tr","p":{"a":0,"k":[822.235,1064.143],"ix":2},"a":{"a":0,"k":[0,0],"ix":1},"s":{"a":0,"k":[100,100],"ix":3},"r":{"a":0,"k":0,"ix":6},"o":{"a":0,"k":100,"ix":7},"sk":{"a":0,"k":0,"ix":4},"sa":{"a":0,"k":0,"ix":5},"nm":"Transform"}],"nm":"Group 3","np":4,"cix":2,"bm":0,"ix":3,"mn":"ADBE Vector Group","hd":false},{"ty":"gr","it":[{"ind":0,"ty":"sh","ix":1,"ks":{"a":0,"k":{"i":[[0,0],[0,0],[0,0],[0,0],[0,0]],"o":[[0,0],[0,0],[0,0],[0,0],[0,0]],"v":[[-45.216,2.007],[-4.841,-17.355],[41.91,-6.965],[45.216,3.896],[-27.744,17.355]],"c":true},"ix":2},"nm":"Path 1","mn":"ADBE Vector Shape - Group","hd":false},{"ty":"fl","c":{"a":0,"k":[0.992156922583,0.815686334348,0.705882352941,1],"ix":4},"o":{"a":0,"k":100,"ix":5},"r":1,"bm":0,"nm":"Fill 1","mn":"ADBE Vector Graphic - Fill","hd":false},{"ty":"tr","p":{"a":0,"k":[809.057,1337.856],"ix":2},"a":{"a":0,"k":[0,0],"ix":1},"s":{"a":0,"k":[100,100],"ix":3},"r":{"a":0,"k":0,"ix":6},"o":{"a":0,"k":100,"ix":7},"sk":{"a":0,"k":0,"ix":4},"sa":{"a":0,"k":0,"ix":5},"nm":"Transform"}],"nm":"Group 4","np":4,"cix":2,"bm":0,"ix":4,"mn":"ADBE Vector Group","hd":false},{"ty":"gr","it":[{"ind":0,"ty":"sh","ix":1,"ks":{"a":0,"k":{"i":[[3.778,-0.708],[29.279,3.778],[-1.889,5.431],[-10.625,6.612],[-4.722,-1.181],[-4.25,-4.959],[-1.653,-2.125],[0.236,1.653],[0,0]],"o":[[-18.417,3.542],[-5.667,-0.708],[4.25,-11.333],[4.251,-2.597],[6.376,1.417],[1.653,2.125],[3.541,-4.25],[0,0],[0.944,3.778]],"v":[[51.71,11.57],[-48.876,20.306],[-56.196,8.264],[-33.765,-20.07],[-19.834,-22.903],[-4.486,-11.097],[0.473,-4.958],[54.78,-16.764],[57.141,3.542]],"c":true},"ix":2},"nm":"Path 1","mn":"ADBE Vector Shape - Group","hd":false},{"ty":"fl","c":{"a":0,"k":[0.254901960784,0.254901960784,0.250980392157,1],"ix":4},"o":{"a":0,"k":100,"ix":5},"r":1,"bm":0,"nm":"Fill 1","mn":"ADBE Vector Graphic - Fill","hd":false},{"ty":"tr","p":{"a":0,"k":[706.074,1353.086],"ix":2},"a":{"a":0,"k":[0,0],"ix":1},"s":{"a":0,"k":[100,100],"ix":3},"r":{"a":0,"k":0,"ix":6},"o":{"a":0,"k":100,"ix":7},"sk":{"a":0,"k":0,"ix":4},"sa":{"a":0,"k":0,"ix":5},"nm":"Transform"}],"nm":"Group 5","np":4,"cix":2,"bm":0,"ix":5,"mn":"ADBE Vector Group","hd":false},{"ty":"gr","it":[{"ind":0,"ty":"sh","ix":1,"ks":{"a":0,"k":{"i":[[0,0],[17.237,-118.531],[0,0],[0,0],[0,0],[0,0],[0,0]],"o":[[0,0],[0,0],[0,0],[0,0],[0,0],[0,0],[0,0]],"v":[[31.05,-50.652],[27.744,217.341],[25.619,247.564],[-19.715,245.439],[-38.132,-22.554],[-46.869,-247.565],[46.87,-241.19]],"c":true},"ix":2},"nm":"Path 1","mn":"ADBE Vector Shape - Group","hd":false},{"ty":"fl","c":{"a":0,"k":[0.992156922583,0.815686334348,0.705882352941,1],"ix":4},"o":{"a":0,"k":100,"ix":5},"r":1,"bm":0,"nm":"Fill 1","mn":"ADBE Vector Graphic - Fill","hd":false},{"ty":"tr","p":{"a":0,"k":[731.929,1083.326],"ix":2},"a":{"a":0,"k":[0,0],"ix":1},"s":{"a":0,"k":[100,100],"ix":3},"r":{"a":0,"k":0,"ix":6},"o":{"a":0,"k":100,"ix":7},"sk":{"a":0,"k":0,"ix":4},"sa":{"a":0,"k":0,"ix":5},"nm":"Transform"}],"nm":"Group 6","np":4,"cix":2,"bm":0,"ix":6,"mn":"ADBE Vector Group","hd":false},{"ty":"gr","it":[{"ind":0,"ty":"sh","ix":1,"ks":{"a":0,"k":{"i":[[0,0],[0,0],[0,0],[0,0],[0,0]],"o":[[0,0],[0,0],[0,0],[0,0],[0,0]],"v":[[-45.216,2.007],[-4.604,-17.355],[41.91,-6.965],[45.216,3.896],[-27.744,17.355]],"c":true},"ix":2},"nm":"Path 1","mn":"ADBE Vector Shape - Group","hd":false},{"ty":"fl","c":{"a":0,"k":[0.992156922583,0.815686334348,0.705882352941,1],"ix":4},"o":{"a":0,"k":100,"ix":5},"r":1,"bm":0,"nm":"Fill 1","mn":"ADBE Vector Graphic - Fill","hd":false},{"ty":"tr","p":{"a":0,"k":[715.638,1337.856],"ix":2},"a":{"a":0,"k":[0,0],"ix":1},"s":{"a":0,"k":[100,100],"ix":3},"r":{"a":0,"k":0,"ix":6},"o":{"a":0,"k":100,"ix":7},"sk":{"a":0,"k":0,"ix":4},"sa":{"a":0,"k":0,"ix":5},"nm":"Transform"}],"nm":"Group 7","np":2,"cix":2,"bm":0,"ix":7,"mn":"ADBE Vector Group","hd":false}],"ip":0,"op":90.0000036657751,"st":0,"bm":0},{"ddd":0,"ind":13,"ty":4,"nm":"hair","parent":8,"sr":1,"ks":{"o":{"a":0,"k":100,"ix":11},"r":{"a":0,"k":0,"ix":10},"p":{"a":0,"k":[750.5,750.5,0],"ix":2},"a":{"a":0,"k":[750.5,750.5,0],"ix":1},"s":{"a":0,"k":[100,100,100],"ix":6}},"ao":0,"shapes":[{"ty":"gr","it":[{"ind":0,"ty":"sh","ix":1,"ks":{"a":0,"k":{"i":[[-7.288,5.433],[-3.039,1.967],[-5.088,2.035],[-13.229,2.035],[-11.957,-6.106],[1.272,-10.684],[-3.309,-9.928],[-0.042,-40.087],[1.481,-2.934],[2.425,-1.822],[44.166,6.053],[6.822,4.126],[3.114,11.629],[0.079,12.038],[-17.585,32.357]],"o":[[4.831,-3.601],[4.579,-2.798],[12.465,-5.088],[13.229,-2.035],[9.413,4.833],[10.43,1.272],[12.602,38.666],[0.003,3.287],[-1.368,2.708],[-35.647,26.769],[-7.899,-1.083],[-10.301,-6.229],[-3.114,-11.628],[-0.237,-35.921],[2.582,-4.73]],"v":[[-60.453,-88.778],[-47.879,-97.517],[-33.124,-104.64],[5.035,-116.342],[44.212,-111.254],[60.748,-86.578],[82.882,-66.22],[87.771,63.419],[86.265,73.066],[80.02,79.571],[-46.169,112.324],[-68.889,105.414],[-88.823,76.362],[-92.116,40.503],[-77.899,-72.204]],"c":true},"ix":2},"nm":"Path 1","mn":"ADBE Vector Shape - Group","hd":false},{"ty":"fl","c":{"a":0,"k":[0.317647058824,0.317647058824,0.309803921569,1],"ix":4},"o":{"a":0,"k":100,"ix":5},"r":1,"bm":0,"nm":"Fill 1","mn":"ADBE Vector Graphic - Fill","hd":false},{"ty":"tr","p":{"a":0,"k":[777.995,256.784],"ix":2},"a":{"a":0,"k":[0,0],"ix":1},"s":{"a":0,"k":[100,100],"ix":3},"r":{"a":0,"k":0,"ix":6},"o":{"a":0,"k":100,"ix":7},"sk":{"a":0,"k":0,"ix":4},"sa":{"a":0,"k":0,"ix":5},"nm":"Transform"}],"nm":"Group 1","np":4,"cix":2,"bm":0,"ix":1,"mn":"ADBE Vector Group","hd":false}],"ip":0,"op":90.0000036657751,"st":0,"bm":0},{"ddd":0,"ind":14,"ty":4,"nm":"L1","parent":11,"sr":1,"ks":{"o":{"a":0,"k":100,"ix":11},"r":{"a":0,"k":0,"ix":10},"p":{"a":0,"k":[696.442,431.673,0],"ix":2},"a":{"a":0,"k":[697.5,437.5,0],"ix":1},"s":{"a":0,"k":[96.154,96.154,100],"ix":6}},"ao":0,"shapes":[{"ty":"gr","it":[{"ind":0,"ty":"sh","ix":1,"ks":{"a":0,"k":{"i":[[19.41,13.858],[14.413,-9.023],[0,0],[4.687,-6.524],[0.05,-0.071],[0,0],[0,0],[0.109,-0.208],[0.062,-0.12],[0.213,-5.303],[0.001,-0.009],[-0.001,-0.514],[-0.001,-0.124],[-0.017,-0.397],[-0.015,-0.243],[-0.023,-0.277],[-0.041,-0.359],[-0.021,-0.163],[-0.076,-0.464],[-0.01,-0.059],[-2.031,-3.705],[-0.066,-0.118],[-0.236,-0.387],[-0.194,-0.298],[-0.134,-0.197],[-1.403,-1.482],[-0.073,-0.077],[-0.449,-0.423],[-0.16,-0.146],[-0.386,-0.323],[-0.203,-0.163],[-0.399,-0.295],[-0.178,-0.127],[-1.074,-0.616],[-0.042,-0.023],[-0.515,-0.262],[-0.033,-0.017],[-10.753,5.902],[-0.037,0.021],[-0.431,0.262],[-0.126,0.078],[-0.24,0.157],[0,0],[0,0],[-0.073,0.056],[-0.045,0.035],[-0.414,0.35],[-21.576,24.01],[-24.361,22.183],[-0.943,0.941],[0,0],[0,0],[-1.199,1.679]],"o":[[-14.673,-10.476],[0,0],[0,0],[-0.051,0.07],[0,0],[0,0],[-0.114,0.206],[-0.063,0.119],[-2.528,4.92],[-0.001,0.009],[-0.02,0.514],[0,0.124],[0.005,0.397],[0.01,0.244],[0.017,0.278],[0.03,0.359],[0.018,0.164],[0.058,0.466],[0.01,0.06],[0.681,4.038],[0.064,0.118],[0.221,0.393],[0.185,0.304],[0.13,0.199],[1.122,1.658],[0.073,0.077],[0.425,0.44],[0.158,0.148],[0.371,0.336],[0.2,0.168],[0.384,0.308],[0.176,0.131],[1.025,0.732],[0.042,0.023],[0.505,0.287],[0.033,0.016],[11,5.544],[0.038,-0.02],[0.439,-0.243],[0.126,-0.076],[0.242,-0.151],[0,0],[0,0],[0.074,-0.055],[0.046,-0.035],[0.428,-0.329],[12.471,-9.986],[23.243,-25.867],[1.013,-0.838],[0,0],[0,0],[1.384,-1.454],[13.861,-19.414]],"v":[[80.889,-99.388],[36.6,-102.583],[26.561,-92.363],[-97.744,50.721],[-97.896,50.932],[-100.381,54.396],[-100.182,54.581],[-100.516,55.203],[-100.709,55.56],[-104.786,71.081],[-104.788,71.109],[-104.815,72.651],[-104.816,73.023],[-104.78,74.214],[-104.746,74.945],[-104.682,75.776],[-104.58,76.854],[-104.518,77.344],[-104.32,78.739],[-104.289,78.917],[-100.234,90.617],[-100.034,90.968],[-99.354,92.14],[-98.779,93.039],[-98.392,93.637],[-94.6,98.354],[-94.379,98.581],[-93.068,99.875],[-92.591,100.318],[-91.454,101.305],[-90.853,101.807],[-89.674,102.708],[-89.152,103.107],[-85.999,105.12],[-85.874,105.19],[-84.344,106.013],[-84.246,106.062],[-49.445,105.442],[-49.333,105.38],[-48.028,104.622],[-47.65,104.392],[-46.927,103.93],[-46.816,104.034],[-44.905,102.513],[-44.686,102.346],[-44.551,102.239],[-43.286,101.223],[9.415,46.474],[83.342,-30.867],[86.275,-33.54],[87.112,-34.301],[87.07,-34.352],[90.956,-39.045]],"c":true},"ix":2},"nm":"Path 1","mn":"ADBE Vector Shape - Group","hd":false},{"ty":"fl","c":{"a":0,"k":[0.666666666667,0.654901960784,0.843137254902,1],"ix":4},"o":{"a":0,"k":100,"ix":5},"r":1,"bm":0,"nm":"Fill 1","mn":"ADBE Vector Graphic - Fill","hd":false},{"ty":"tr","p":{"a":0,"k":[636.317,508.5],"ix":2},"a":{"a":0,"k":[0,0],"ix":1},"s":{"a":0,"k":[100,100],"ix":3},"r":{"a":0,"k":0,"ix":6},"o":{"a":0,"k":100,"ix":7},"sk":{"a":0,"k":0,"ix":4},"sa":{"a":0,"k":0,"ix":5},"nm":"Transform"}],"nm":"Group 3","np":2,"cix":2,"bm":0,"ix":1,"mn":"ADBE Vector Group","hd":false}],"ip":0,"op":90.0000036657751,"st":0,"bm":0}],"markers":[]}